Timestamp,Owner,Sentiment,Advice
2025-12-26 22:53,Attis,TestovacÃ­ nÃ¡lada (100/100),Toto je testovacÃ­ strategie. AI ti radÃ­: Pij vÃ­c kÃ¡vy a kupuj akcie ve slevÄ›! â˜•ğŸ“ˆ
2025-12-27 02:47,Attis,greed (55/100),"DobÅ™e, pojÄme k vÄ›ci.

**AnalÃ½za Trhu & Portfolio: StrategickÃ¡ Revize**

**TrÅ¾nÃ­ Sentiment:**
AktuÃ¡lnÃ­ trÅ¾nÃ­ nÃ¡lada je **greed (55/100)**. To znamenÃ¡, Å¾e trh je mÃ­rnÄ› pÅ™ehÅ™Ã¡tÃ½ a euforie mÅ¯Å¾e bÃ½t na vzestupu. Nenechte se strhnout davem. V tÄ›chto fÃ¡zÃ­ch je klÃ­ÄovÃ¡ **disciplÃ­na a ochrana kapitÃ¡lu**. MÄ›jte na pamÄ›ti, Å¾e po periodÃ¡ch chamtivosti Äasto nÃ¡sleduje korekce.

**NejÅ¾havÄ›jÅ¡Ã­ PÅ™Ã­leÅ¾itosti & KonkrÃ©tnÃ­ Akce:**

1.  **CEZ.PR: V kritickÃ©m pÃ¡smu pro profit-taking.**
    *   S aktuÃ¡lnÃ­ cenou **1301 KÄ**, se CEZ nachÃ¡zÃ­ v ÃºzkÃ©m obchodnÃ­m pÃ¡smu, **velmi blÃ­zko vaÅ¡eho prodejnÃ­ho cÃ­le (1310 KÄ)**. To signalizuje blÃ­Å¾Ã­cÃ­ se rezistenci nebo potenciÃ¡lnÃ­ stav pÅ™ekoupenosti. AÄkoliv nemÃ¡me explicitnÃ­ data RSI, cena na tÄ›chto ÃºrovnÃ­ch vybÃ­zÃ­ k obezÅ™etnosti.
    *   **Akce:** **AgresivnÄ› monitorujte CEZ.PR.** ZvaÅ¾te **prodej pozice (profit-taking)** nebo jejÃ­ ÄÃ¡sti v rozmezÃ­ 1305-1310 KÄ. Pokud se CEZ dotkne 1310 KÄ, to by potvrdilo vaÅ¡i prodejnÃ­ strategii. Vzhledem k trÅ¾nÃ­ nÃ¡ladÄ› je nynÃ­ Äas inkasovat zisky.

2.  **ADS.DE: Na radaru pro strategickÃ½ nÃ¡kup.**
    *   Cena ADS.DE (164.40 EUR) se pohybuje nad vaÅ¡Ã­m nÃ¡kupnÃ­m cÃ­lem (150 EUR) a pod prodejnÃ­m cÃ­lem (180 EUR). NenÃ­ v pozici pro okamÅ¾itou akci, kterÃ¡ by signalizovala ""pÅ™eprodanost"" pro nÃ¡kup.
    *   **Akce:** **DrÅ¾te ADS.DE na radaru.** Pokud dojde k trÅ¾nÃ­ korekci a cena se pÅ™iblÃ­Å¾Ã­ k **150 EUR**, to by pÅ™edstavovalo atraktivnÃ­ vstupnÃ­ bod, signalizujÃ­cÃ­ pÅ™eprodanost (RSI by pravdÄ›podobnÄ› ukazovalo pod 30-35) a potenciÃ¡lnÃ­ odraz. V souÄasnÃ© nÃ¡ladÄ› na trhu je to spÃ­Å¡e opce pro budoucÃ­ pokles.

**DÅ¯leÅ¾itÃ¡ PoznÃ¡mka k AAPL:**
VaÅ¡e cÃ­le pro AAPL (NÃ¡kup: 1.0, Prodej: 100.0) neodpovÃ­dajÃ­ aktuÃ¡lnÃ­ cenÄ› (273.40). PÅ™edpoklÃ¡dÃ¡m, Å¾e se jednÃ¡ o dlouhodobÃ© cÃ­le nebo jinou strategii, kterÃ¡ nenÃ­ zaloÅ¾ena na krÃ¡tkodobÃ½ch technickÃ½ch signÃ¡lech pro ""odraz/pÅ™eprodanost"". Pro taktickÃ© obchody na zÃ¡kladÄ› proximity k cÃ­li a RSI nenÃ­ AAPL aktuÃ¡lnÄ› relevantnÃ­.

**ShrnutÃ­:**
S trhem v pÃ¡smu ""greed"" je priorita **profit-taking a identifikace defenzivnÃ­ch pÅ™Ã­leÅ¾itostÃ­**. **CEZ.PR** je vaÅ¡e nejÅ¾havÄ›jÅ¡Ã­ pÅ™Ã­leÅ¾itost pro realizaci ziskÅ¯. VyuÅ¾ijte hotovost ($6,100 USD) s rozvahou pro pÅ™Ã­padnÃ© korekce a nÃ¡kupy na silnÃ½ch supportech. BuÄte pÅ™ipraveni jednat, ale bez paniky."
